time,mouse_x,mouse_y,mouse_speed_x,mouse_speed_y,neuron_0,neuron_1,neuron_2,neuron_3
1700571425.9451032, 468, 331, 0, 0, 0, 0, 0, 0
1700571425.945879, 468, 331, 0, 0, 0, 0, 0, 0
1700571425.960811, 468, 331, 0, 0, 0, 0, 0, 0
1700571425.976783, 468, 331, 0, 0, 0, 0, 0, 0
1700571425.99359, 468, 331, 0, 0, 0, 0, 0, 0
1700571426.010816, 468, 331, 0, 0, 0, 0, 0, 0
1700571426.027885, 468, 331, 0, 0, 0, 0, 0, 0
1700571426.044126, 468, 331, 0, 0, 0, 0, 0, 0
1700571426.062013, 468, 331, 0, 0, 0, 0, 0, 0
1700571426.078856, 468, 331, 0, 0, 0, 0, 0, 0
1700571426.095168, 468, 331, 0, 0, 0, 0, 0, 0
1700571426.1128771, 468, 331, 0, 0, 0, 0, 0, 0
1700571426.12945, 468, 331, 0, 0, 0, 0, 0, 0
1700571426.146605, 468, 331, 0, 0, 0, 0, 0, 0
1700571426.164027, 468, 331, 0, 0, 0, 0, 0, 0
1700571426.1801941, 468, 331, 0, 0, 0, 0, 0, 0
1700571426.197239, 468, 331, 0, 0, 0, 0, 0, 0
1700571426.21346, 468, 331, 0, 0, 0, 0, 0, 0
1700571426.230433, 468, 331, 0, 0, 0, 0, 0, 0
1700571426.2476249, 468, 331, 0, 0, 0, 0, 0, 0
1700571426.264593, 468, 331, 0, 0, 0, 0, 0, 0
1700571426.280551, 468, 331, 0, 0, 0, 0, 0, 0
1700571426.298153, 468, 331, 0, 0, 0, 0, 0, 0
1700571426.314647, 468, 331, 0, 0, 0, 0, 0, 0
1700571426.331081, 468, 331, 0, 0, 0, 0, 0, 0
1700571426.348469, 468, 331, 0, 0, 0, 0, 0, 0
1700571426.365816, 468, 331, 0, 0, 0, 0, 0, 0
1700571426.382663, 468, 331, 0, 0, 0, 0, 0, 0
1700571426.399461, 468, 331, 0, 0, 0, 0, 0, 0
1700571426.416447, 468, 331, 0, 0, 0, 0, 0, 0
1700571426.4335191, 468, 331, 0, 0, 0, 0, 0, 0
1700571426.450604, 468, 331, 0, 0, 0, 0, 0, 0
1700571426.468137, 468, 331, 0, 0, 0, 0, 0, 0
1700571426.484582, 468, 331, 0, 0, 0, 0, 0, 0
1700571426.501887, 468, 331, 0, 0, 0, 0, 0, 0
1700571426.518343, 468, 331, 0, 0, 0, 0, 0, 0
1700571426.535466, 468, 331, 0, 0, 0, 0, 0, 0
1700571426.552594, 468, 331, 0, 0, 0, 0, 0, 0
1700571426.569371, 468, 331, 0, 0, 0, 0, 0, 0
1700571426.586644, 468, 331, 0, 0, 0, 0, 0, 0
1700571426.6034381, 468, 331, 0, 0, 0, 0, 0, 0
1700571426.620202, 468, 331, 0, 0, 0, 0, 0, 0
1700571426.6374888, 468, 331, 0, 0, 0, 0, 0, 0
1700571426.654807, 468, 331, 0, 0, 0, 0, 0, 0
1700571426.671676, 468, 331, 0, 0, 0, 0, 0, 0
1700571426.688663, 468, 331, 0, 0, 0, 0, 0, 0
1700571426.705481, 468, 331, 0, 0, 0, 0, 0, 0
1700571426.722091, 468, 331, 0, 0, 0, 0, 0, 0
1700571426.740119, 468, 331, 0, 0, 0, 0, 0, 0
1700571426.756803, 468, 331, 0, 0, 0, 0, 0, 0
1700571426.7736142, 468, 331, 0, 0, 0, 0, 0, 0
1700571426.790228, 468, 331, 0, 0, 0, 0, 0, 0
1700571426.808202, 468, 331, 0, 0, 0, 0, 0, 0
1700571426.824468, 468, 331, 0, 0, 0, 0, 0, 0
1700571426.841672, 468, 331, 0, 0, 0, 0, 0, 0
1700571426.858343, 468, 331, 0, 0, 0, 0, 0, 0
1700571426.876014, 468, 331, 0, 0, 0, 0, 0, 0
1700571426.893026, 468, 331, 0, 0, 0, 0, 0, 0
1700571426.909842, 468, 331, 0, 0, 0, 0, 0, 0
1700571426.926914, 468, 331, 0, 0, 0, 0, 0, 0
1700571426.9440598, 468, 331, 0, 0, 0, 0, 0, 0
1700571426.9604611, 468, 331, 0, 0, 0, 0, 0, 0
1700571426.9776242, 468, 331, 0, 0, 0, 0, 0, 0
1700571426.994689, 468, 331, 0, 0, 0, 0, 0, 0
1700571427.01102, 468, 331, 0, 0, 0, 0, 0, 0
1700571427.028657, 468, 331, 0, 0, 0, 0, 0, 0
1700571427.045747, 468, 331, 0, 0, 0, 0, 0, 0
1700571427.062735, 468, 331, 0, 0, 0, 0, 0, 0
1700571427.0797231, 468, 331, 0, 0, 0, 0, 0, 0
1700571427.0962481, 468, 331, 0, 0, 0, 0, 0, 0
1700571427.113131, 468, 331, 0, 0, 0, 0, 0, 0
1700571427.1309462, 468, 331, 0, 0, 0, 0, 0, 0
1700571427.148101, 468, 331, 0, 0, 0, 0, 0, 0
1700571427.165151, 468, 331, 0, 0, 0, 0, 0, 0
1700571427.18182, 468, 331, 0, 0, 0, 0, 0, 0
1700571427.198251, 468, 331, 0, 0, 0, 0, 0, 0
1700571427.2158, 468, 331, 0, 0, 0, 0, 0, 0
1700571427.2330391, 468, 331, 0, 0, 0, 0, 0, 0
1700571427.2496488, 468, 331, 0, 0, 0, 0, 0, 0
1700571427.267043, 468, 331, 0, 0, 0, 0, 0, 0
1700571427.283603, 468, 331, 0, 0, 0, 0, 0, 0
1700571427.300149, 468, 331, 0, 0, 0, 0, 0, 0
1700571427.31762, 468, 331, 0, 0, 0, 0, 0, 0
1700571427.335181, 468, 331, 0, 0, 0, 0, 0, 0
1700571427.3518589, 468, 331, 0, 0, 0, 0, 0, 0
1700571427.3682911, 468, 331, 0, 0, 0, 0, 0, 0
1700571427.3854442, 468, 331, 0, 0, 0, 0, 0, 0
1700571427.403014, 468, 331, 0, 0, 0, 0, 0, 0
1700571427.420078, 468, 331, 0, 0, 0, 0, 0, 0
1700571427.436646, 468, 331, 0, 0, 0, 0, 0, 0
1700571427.453619, 468, 331, 0, 0, 0, 0, 0, 0
1700571427.471065, 468, 331, 0, 0, 0, 0, 0, 0
1700571427.48777, 468, 331, 0, 0, 0, 0, 0, 0
1700571427.504761, 468, 331, 0, 0, 0, 0, 0, 0
1700571427.522069, 468, 331, 0, 0, 0, 0, 0, 0
1700571427.538419, 468, 331, 0, 0, 0, 0, 0, 0
1700571427.5557919, 468, 331, 0, 0, 0, 0, 0, 0
1700571427.572741, 468, 331, 0, 0, 0, 0, 0, 0
1700571427.590483, 468, 331, 0, 0, 0, 0, 0, 0
1700571427.6082041, 469, 331, 1, 0, 0, 0, 0, 0
1700571427.6248279, 471, 331, 2, 0, 0, 0, 0, 0
1700571427.641315, 474, 331, 3, 0, 0, 0, 0, 0
1700571427.658508, 477, 331, 3, 0, 0, 0, 0, 0
1700571427.674915, 479, 331, 2, 0, 0, 0, 0, 0
1700571427.692224, 484, 331, 5, 0, 0, 0, 0, 0
1700571427.7091641, 488, 331, 4, 0, 0, 0, 0, 0
1700571427.726132, 492, 331, 4, 0, 0, 0, 0, 0
1700571427.743009, 499, 331, 7, 0, 0, 0, 0, 0
1700571427.7603672, 504, 331, 5, 0, 0, 0, 0, 0
1700571427.7780879, 508, 331, 4, 0, 0, 0, 0, 0
1700571427.7949219, 512, 331, 4, 0, 0, 0, 0, 0
1700571427.811424, 515, 331, 3, 0, 0, 0, 0, 0
1700571427.8283, 519, 331, 4, 0, 0, 0, 0, 0
1700571427.845372, 522, 331, 3, 0, 0, 0, 0, 0
1700571427.862261, 526, 331, 4, 0, 0, 0, 0, 0
1700571427.8793101, 533, 331, 7, 0, 0, 0, 0, 0
1700571427.897033, 536, 331, 3, 0, 0, 0, 0, 0
1700571427.913888, 540, 331, 4, 0, 0, 0, 0, 0
1700571427.929711, 543, 331, 3, 0, 0, 0, 0, 0
1700571427.9472399, 549, 331, 6, 0, 0, 0, 0, 0
1700571427.9648361, 554, 331, 5, 0, 0, 0, 0, 0
1700571427.98113, 558, 331, 4, 0, 0, 0, 0, 0
1700571427.9982111, 562, 331, 4, 0, 0, 0, 0, 0
1700571428.0159822, 565, 331, 3, 0, 0, 0, 0, 0
1700571428.032435, 572, 331, 7, 0, 0, 0, 0, 0
1700571428.049075, 580, 331, 8, 0, 0, 0, 0, 0
1700571428.066365, 586, 331, 6, 0, 0, 0, 0, 0
1700571428.082981, 591, 331, 5, 0, 0, 0, 0, 0
1700571428.10044, 597, 332, 6, 1, 0, 0, 0, 0
1700571428.116974, 602, 332, 5, 0, 0, 0, 0, 0
1700571428.1338081, 609, 332, 7, 0, 0, 0, 0, 0
1700571428.15075, 616, 332, 7, 0, 0, 0, 0, 0
1700571428.168229, 624, 332, 8, 0, 1, 0, 0, 0
1700571428.1854231, 632, 332, 8, 0, 1, 0, 0, 0
1700571428.202642, 641, 332, 9, 0, 1, 0, 0, 0
1700571428.2199621, 650, 332, 9, 0, 1, 0, 0, 0
1700571428.236236, 658, 332, 8, 0, 0, 0, 0, 0
1700571428.253479, 663, 332, 5, 0, 0, 0, 0, 0
1700571428.270593, 672, 332, 9, 0, 0, 0, 0, 0
1700571428.287238, 678, 332, 6, 0, 0, 0, 0, 0
1700571428.304574, 687, 332, 9, 0, 0, 0, 0, 0
1700571428.3215082, 695, 332, 8, 0, 0, 0, 0, 0
1700571428.3385699, 701, 332, 6, 0, 0, 0, 0, 0
1700571428.355245, 713, 332, 12, 0, 0, 0, 0, 0
1700571428.3724391, 721, 332, 8, 0, 0, 0, 0, 0
1700571428.389726, 729, 332, 8, 0, 0, 0, 0, 0
1700571428.406582, 737, 332, 8, 0, 0, 0, 0, 0
1700571428.4236648, 744, 332, 7, 0, 0, 0, 0, 0
1700571428.440593, 752, 332, 8, 0, 1, 0, 0, 0
1700571428.457263, 759, 332, 7, 0, 1, 0, 0, 0
1700571428.4739661, 766, 332, 7, 0, 1, 0, 0, 0
1700571428.491012, 773, 332, 7, 0, 1, 0, 0, 0
1700571428.508037, 780, 332, 7, 0, 1, 0, 0, 0
1700571428.524957, 794, 332, 14, 0, 1, 0, 0, 0
1700571428.542418, 801, 332, 7, 0, 1, 0, 0, 0
1700571428.558941, 808, 332, 7, 0, 1, 0, 0, 0
1700571428.576088, 815, 332, 7, 0, 0, 0, 0, 0
1700571428.593537, 825, 332, 10, 0, 0, 0, 0, 0
1700571428.610262, 836, 332, 11, 0, 0, 0, 0, 0
1700571428.627614, 845, 332, 9, 0, 0, 0, 0, 0
1700571428.644416, 853, 332, 8, 0, 0, 0, 0, 0
1700571428.66139, 867, 332, 14, 0, 0, 0, 0, 0
1700571428.678524, 874, 332, 7, 0, 0, 0, 0, 0
1700571428.6961222, 883, 332, 9, 0, 0, 0, 0, 0
1700571428.7128189, 891, 332, 8, 0, 1, 0, 0, 0
1700571428.730303, 901, 333, 10, 1, 1, 0, 0, 0
1700571428.748199, 910, 333, 9, 0, 1, 0, 0, 0
1700571428.764321, 917, 333, 7, 0, 1, 0, 0, 0
1700571428.782222, 927, 333, 10, 0, 0, 0, 0, 0
1700571428.7991722, 937, 333, 10, 0, 0, 0, 0, 0
1700571428.8159091, 943, 333, 6, 0, 0, 0, 0, 0
1700571428.8322911, 951, 333, 8, 0, 0, 0, 0, 0
1700571428.8495932, 958, 333, 7, 0, 0, 0, 0, 0
1700571428.866858, 963, 333, 5, 0, 0, 0, 0, 0
1700571428.882692, 971, 333, 8, 0, 0, 0, 0, 0
1700571428.900576, 977, 333, 6, 0, 0, 0, 0, 0
1700571428.916841, 987, 333, 10, 0, 1, 0, 0, 0
1700571428.934037, 994, 333, 7, 0, 1, 0, 0, 0
1700571428.9510028, 1008, 333, 14, 0, 1, 0, 0, 0
1700571428.968385, 1017, 333, 9, 0, 1, 0, 0, 0
1700571428.985794, 1024, 334, 7, 1, 0, 0, 0, 0
1700571429.003071, 1030, 334, 6, 0, 0, 0, 0, 0
1700571429.020113, 1038, 334, 8, 0, 0, 0, 0, 0
1700571429.03631, 1047, 334, 9, 0, 0, 0, 0, 0
1700571429.053441, 1052, 334, 5, 0, 0, 0, 0, 0
1700571429.071241, 1062, 334, 10, 0, 0, 0, 0, 0
1700571429.087138, 1066, 334, 4, 0, 0, 0, 0, 0
1700571429.1036081, 1072, 334, 6, 0, 0, 0, 0, 0
1700571429.121168, 1082, 334, 10, 0, 1, 0, 0, 0
1700571429.137666, 1086, 334, 4, 0, 1, 0, 0, 0
1700571429.1546361, 1091, 334, 5, 0, 1, 0, 0, 0
1700571429.1717792, 1097, 334, 6, 0, 1, 0, 0, 0
1700571429.189075, 1103, 334, 6, 0, 0, 0, 0, 0
1700571429.2056162, 1110, 334, 7, 0, 0, 0, 0, 0
1700571429.221677, 1116, 334, 6, 0, 0, 0, 0, 0
1700571429.23963, 1123, 334, 7, 0, 0, 0, 0, 0
1700571429.257161, 1136, 334, 13, 0, 1, 0, 0, 0
1700571429.2743502, 1143, 334, 7, 0, 1, 0, 0, 0
1700571429.291743, 1153, 334, 10, 0, 1, 0, 0, 0
1700571429.3085802, 1162, 335, 9, 1, 1, 0, 0, 0
1700571429.3255649, 1171, 335, 9, 0, 0, 0, 0, 0
1700571429.3417752, 1181, 335, 10, 0, 0, 0, 0, 0
1700571429.359204, 1187, 335, 6, 0, 0, 0, 0, 0
1700571429.376031, 1191, 335, 4, 0, 0, 0, 0, 0
1700571429.392788, 1193, 335, 2, 0, 0, 0, 0, 0
1700571429.409728, 1194, 335, 1, 0, 0, 0, 0, 0
1700571429.426668, 1194, 335, 0, 0, 0, 0, 0, 0
1700571429.444808, 1194, 335, 0, 0, 0, 0, 0, 0
1700571429.4615061, 1194, 335, 0, 0, 0, 0, 0, 0
1700571429.4787421, 1194, 335, 0, 0, 0, 0, 0, 0
1700571429.494921, 1194, 335, 0, 0, 0, 0, 0, 0
1700571429.511893, 1194, 335, 0, 0, 0, 0, 0, 0
1700571429.5287611, 1194, 335, 0, 0, 0, 0, 0, 0
1700571429.545216, 1194, 335, 0, 0, 0, 0, 0, 0
1700571429.5626721, 1194, 335, 0, 0, 0, 0, 0, 0
1700571429.579127, 1194, 335, 0, 0, 0, 0, 0, 0
1700571429.5970151, 1194, 335, 0, 0, 0, 0, 0, 0
1700571429.613776, 1194, 335, 0, 0, 0, 0, 0, 0
1700571429.63081, 1194, 335, 0, 0, 0, 0, 0, 0
1700571429.647651, 1194, 335, 0, 0, 0, 0, 0, 0
1700571429.664902, 1194, 335, 0, 0, 0, 0, 0, 0
1700571429.6817238, 1194, 335, 0, 0, 0, 0, 0, 0
1700571429.698899, 1194, 335, 0, 0, 0, 0, 0, 0
1700571429.715549, 1194, 335, 0, 0, 0, 0, 0, 0
1700571429.73223, 1194, 335, 0, 0, 0, 0, 0, 0
1700571429.749234, 1194, 335, 0, 0, 0, 0, 0, 0
1700571429.766614, 1194, 335, 0, 0, 0, 0, 0, 0
1700571429.7835789, 1194, 335, 0, 0, 0, 0, 0, 0
1700571429.7999518, 1194, 335, 0, 0, 0, 0, 0, 0
1700571429.8169029, 1194, 335, 0, 0, 0, 0, 0, 0
1700571429.833387, 1194, 335, 0, 0, 0, 0, 0, 0
1700571429.850466, 1194, 335, 0, 0, 0, 0, 0, 0
1700571429.867421, 1194, 335, 0, 0, 0, 0, 0, 0
1700571429.884403, 1194, 335, 0, 0, 0, 0, 0, 0
1700571429.901002, 1194, 335, 0, 0, 0, 0, 0, 0
1700571429.918615, 1194, 335, 0, 0, 0, 0, 0, 0
1700571429.936225, 1194, 335, 0, 0, 0, 0, 0, 0
1700571429.953923, 1194, 335, 0, 0, 0, 0, 0, 0
1700571429.971404, 1194, 335, 0, 0, 0, 0, 0, 0
1700571429.9891891, 1194, 335, 0, 0, 0, 0, 0, 0
1700571430.005853, 1191, 335, -3, 0, 0, 0, 0, 0
1700571430.023325, 1186, 335, -5, 0, 0, 0, 0, 0
1700571430.039965, 1182, 335, -4, 0, 0, 0, 0, 0
1700571430.05743, 1176, 336, -6, 1, 0, 0, 0, 0
1700571430.0735738, 1169, 336, -7, 0, 0, 0, 0, 0
1700571430.091417, 1162, 337, -7, 1, 0, 0, 0, 0
1700571430.1082082, 1158, 338, -4, 1, 0, 0, 0, 0
1700571430.124993, 1152, 338, -6, 0, 0, 0, 0, 0
1700571430.142621, 1143, 339, -9, 1, 0, 1, 0, 0
1700571430.159422, 1134, 339, -9, 0, 0, 1, 0, 0
1700571430.175854, 1123, 340, -11, 1, 0, 1, 0, 0
1700571430.1923351, 1113, 340, -10, 0, 0, 1, 0, 0
1700571430.209687, 1105, 340, -8, 0, 0, 1, 0, 0
1700571430.226169, 1094, 340, -11, 0, 0, 1, 0, 0
1700571430.243583, 1084, 340, -10, 0, 0, 1, 0, 0
1700571430.260502, 1070, 340, -14, 0, 0, 1, 0, 0
1700571430.277288, 1060, 341, -10, 1, 0, 0, 0, 0
1700571430.294174, 1044, 341, -16, 0, 0, 0, 0, 0
1700571430.3109848, 1033, 341, -11, 0, 0, 0, 0, 0
1700571430.327873, 1020, 342, -13, 1, 0, 0, 0, 0
1700571430.345621, 1001, 342, -19, 0, 0, 1, 0, 0
1700571430.3625338, 996, 342, -5, 0, 0, 1, 0, 0
1700571430.380024, 981, 342, -15, 0, 0, 1, 0, 0
1700571430.3972359, 968, 342, -13, 0, 0, 1, 0, 0
1700571430.4130812, 958, 342, -10, 0, 0, 1, 0, 0
1700571430.429954, 949, 342, -9, 0, 0, 1, 0, 0
1700571430.447356, 941, 342, -8, 0, 0, 1, 0, 0
1700571430.464264, 930, 342, -11, 0, 0, 1, 0, 0
1700571430.481468, 916, 342, -14, 0, 0, 0, 0, 0
1700571430.4990542, 906, 342, -10, 0, 0, 0, 0, 0
1700571430.5151029, 899, 342, -7, 0, 0, 0, 0, 0
1700571430.532875, 888, 342, -11, 0, 0, 0, 0, 0
1700571430.549939, 879, 342, -9, 0, 0, 0, 0, 0
1700571430.566299, 871, 342, -8, 0, 0, 0, 0, 0
1700571430.583329, 865, 342, -6, 0, 0, 0, 0, 0
1700571430.600414, 856, 342, -9, 0, 0, 0, 0, 0
1700571430.618431, 846, 342, -10, 0, 0, 1, 0, 0
1700571430.634897, 832, 342, -14, 0, 0, 1, 0, 0
1700571430.6520011, 824, 342, -8, 0, 0, 1, 0, 0
1700571430.668304, 812, 342, -12, 0, 0, 1, 0, 0
1700571430.6848772, 802, 342, -10, 0, 0, 0, 0, 0
1700571430.7022989, 792, 342, -10, 0, 0, 0, 0, 0
1700571430.718921, 782, 342, -10, 0, 0, 0, 0, 0
1700571430.735327, 773, 342, -9, 0, 0, 0, 0, 0
1700571430.7526898, 766, 342, -7, 0, 0, 0, 0, 0
1700571430.7697668, 757, 342, -9, 0, 0, 0, 0, 0
1700571430.7864718, 750, 342, -7, 0, 0, 0, 0, 0
1700571430.803765, 742, 342, -8, 0, 0, 0, 0, 0
1700571430.821336, 734, 342, -8, 0, 0, 0, 0, 0
1700571430.83777, 727, 342, -7, 0, 0, 0, 0, 0
1700571430.854327, 720, 342, -7, 0, 0, 0, 0, 0
1700571430.871395, 713, 342, -7, 0, 0, 0, 0, 0
1700571430.88905, 703, 342, -10, 0, 0, 1, 0, 0
1700571430.905462, 694, 342, -9, 0, 0, 1, 0, 0
1700571430.921983, 685, 342, -9, 0, 0, 1, 0, 0
1700571430.938755, 679, 342, -6, 0, 0, 1, 0, 0
1700571430.9564989, 665, 342, -14, 0, 0, 1, 0, 0
1700571430.972537, 660, 342, -5, 0, 0, 1, 0, 0
1700571430.989246, 649, 342, -11, 0, 0, 1, 0, 0
1700571431.006104, 640, 342, -9, 0, 0, 1, 0, 0
1700571431.023208, 632, 342, -8, 0, 0, 1, 0, 0
1700571431.040171, 622, 342, -10, 0, 0, 1, 0, 0
1700571431.05768, 612, 342, -10, 0, 0, 1, 0, 0
1700571431.074783, 603, 342, -9, 0, 0, 1, 0, 0
1700571431.09147, 595, 342, -8, 0, 0, 0, 0, 0
1700571431.108585, 586, 342, -9, 0, 0, 0, 0, 0
1700571431.126189, 573, 342, -13, 0, 0, 0, 0, 0
1700571431.142304, 563, 342, -10, 0, 0, 0, 0, 0
1700571431.159519, 548, 342, -15, 0, 0, 1, 0, 0
1700571431.1765, 536, 342, -12, 0, 0, 1, 0, 0
1700571431.193221, 529, 342, -7, 0, 0, 1, 0, 0
1700571431.210526, 518, 342, -11, 0, 0, 1, 0, 0
1700571431.22696, 508, 342, -10, 0, 0, 1, 0, 0
1700571431.2440891, 501, 342, -7, 0, 0, 1, 0, 0
1700571431.259914, 494, 342, -7, 0, 0, 1, 0, 0
1700571431.2767959, 484, 342, -10, 0, 0, 1, 0, 0
1700571431.294464, 471, 342, -13, 0, 0, 1, 0, 0
1700571431.311023, 467, 342, -4, 0, 0, 1, 0, 0
1700571431.327701, 460, 342, -7, 0, 0, 1, 0, 0
1700571431.345422, 454, 342, -6, 0, 0, 1, 0, 0
1700571431.362368, 444, 342, -10, 0, 0, 0, 0, 0
1700571431.379273, 434, 342, -10, 0, 0, 0, 0, 0
1700571431.396194, 426, 342, -8, 0, 0, 0, 0, 0
1700571431.4131079, 420, 342, -6, 0, 0, 0, 0, 0
1700571431.4296389, 411, 342, -9, 0, 0, 0, 0, 0
1700571431.447381, 404, 342, -7, 0, 0, 0, 0, 0
1700571431.4643059, 396, 342, -8, 0, 0, 0, 0, 0
1700571431.4812748, 384, 342, -12, 0, 0, 0, 0, 0
1700571431.498743, 375, 342, -9, 0, 0, 0, 0, 0
1700571431.5153658, 366, 342, -9, 0, 0, 0, 0, 0
1700571431.53264, 359, 342, -7, 0, 0, 0, 0, 0
1700571431.549613, 352, 342, -7, 0, 0, 0, 0, 0
1700571431.566538, 345, 342, -7, 0, 0, 0, 0, 0
1700571431.584078, 340, 342, -5, 0, 0, 0, 0, 0
1700571431.600897, 337, 342, -3, 0, 0, 0, 0, 0
1700571431.6172428, 336, 342, -1, 0, 0, 0, 0, 0
1700571431.6351511, 336, 342, 0, 0, 0, 0, 0, 0
1700571431.651867, 336, 342, 0, 0, 0, 0, 0, 0
1700571431.668789, 336, 342, 0, 0, 0, 0, 0, 0
1700571431.6850219, 336, 342, 0, 0, 0, 0, 0, 0
1700571431.702184, 336, 342, 0, 0, 0, 0, 0, 0
1700571431.719639, 336, 342, 0, 0, 0, 0, 0, 0
1700571431.7361221, 336, 342, 0, 0, 0, 0, 0, 0
1700571431.7537842, 336, 342, 0, 0, 0, 0, 0, 0
1700571431.770685, 336, 342, 0, 0, 0, 0, 0, 0
1700571431.7870479, 336, 342, 0, 0, 0, 0, 0, 0
1700571431.804425, 336, 342, 0, 0, 0, 0, 0, 0
1700571431.8212311, 336, 342, 0, 0, 0, 0, 0, 0
1700571431.8385448, 336, 342, 0, 0, 0, 0, 0, 0
1700571431.855587, 336, 342, 0, 0, 0, 0, 0, 0
1700571431.8725388, 336, 342, 0, 0, 0, 0, 0, 0
1700571431.8895319, 336, 342, 0, 0, 0, 0, 0, 0
1700571431.906451, 336, 342, 0, 0, 0, 0, 0, 0
1700571431.923211, 336, 342, 0, 0, 0, 0, 0, 0
1700571431.940376, 336, 342, 0, 0, 0, 0, 0, 0
1700571431.9572191, 336, 342, 0, 0, 0, 0, 0, 0
1700571431.974338, 336, 342, 0, 0, 0, 0, 0, 0
1700571431.99141, 336, 342, 0, 0, 0, 0, 0, 0
1700571432.008469, 336, 342, 0, 0, 0, 0, 0, 0
1700571432.0249379, 336, 342, 0, 0, 0, 0, 0, 0
1700571432.041311, 336, 342, 0, 0, 0, 0, 0, 0
1700571432.058125, 336, 342, 0, 0, 0, 0, 0, 0
1700571432.076121, 336, 342, 0, 0, 0, 0, 0, 0
1700571432.092608, 336, 342, 0, 0, 0, 0, 0, 0
1700571432.10951, 336, 342, 0, 0, 0, 0, 0, 0
1700571432.126903, 336, 342, 0, 0, 0, 0, 0, 0
1700571432.143887, 336, 342, 0, 0, 0, 0, 0, 0
1700571432.1611001, 336, 342, 0, 0, 0, 0, 0, 0
1700571432.177313, 336, 342, 0, 0, 0, 0, 0, 0
1700571432.195022, 336, 342, 0, 0, 0, 0, 0, 0
1700571432.210614, 336, 342, 0, 0, 0, 0, 0, 0
1700571432.2271512, 336, 342, 0, 0, 0, 0, 0, 0
1700571432.245048, 336, 342, 0, 0, 0, 0, 0, 0
1700571432.261322, 336, 342, 0, 0, 0, 0, 0, 0
1700571432.278805, 336, 342, 0, 0, 0, 0, 0, 0
1700571432.295883, 336, 342, 0, 0, 0, 0, 0, 0
1700571432.312742, 336, 342, 0, 0, 0, 0, 0, 0
1700571432.32932, 336, 342, 0, 0, 0, 0, 0, 0
1700571432.347147, 336, 342, 0, 0, 0, 0, 0, 0
1700571432.364039, 336, 342, 0, 0, 0, 0, 0, 0
1700571432.3809102, 336, 342, 0, 0, 0, 0, 0, 0
1700571432.398016, 336, 342, 0, 0, 0, 0, 0, 0
1700571432.414199, 336, 342, 0, 0, 0, 0, 0, 0
1700571432.43203, 336, 342, 0, 0, 0, 0, 0, 0
1700571432.4486122, 336, 342, 0, 0, 0, 0, 0, 0
1700571432.465936, 336, 342, 0, 0, 0, 0, 0, 0
1700571432.482286, 336, 342, 0, 0, 0, 0, 0, 0
1700571432.499676, 336, 342, 0, 0, 0, 0, 0, 0
1700571432.517133, 336, 342, 0, 0, 0, 0, 0, 0
1700571432.5340438, 336, 342, 0, 0, 0, 0, 0, 0
1700571432.550688, 336, 342, 0, 0, 0, 0, 0, 0
1700571432.5673149, 336, 342, 0, 0, 0, 0, 0, 0
1700571432.584876, 336, 342, 0, 0, 0, 0, 0, 0
1700571432.602196, 336, 342, 0, 0, 0, 0, 0, 0
1700571432.6186051, 336, 342, 0, 0, 0, 0, 0, 0
1700571432.635461, 336, 342, 0, 0, 0, 0, 0, 0
1700571432.652917, 336, 342, 0, 0, 0, 0, 0, 0
1700571432.669257, 336, 342, 0, 0, 0, 0, 0, 0
1700571432.686909, 336, 342, 0, 0, 0, 0, 0, 0
1700571432.703657, 336, 342, 0, 0, 0, 0, 0, 0
1700571432.720462, 336, 342, 0, 0, 0, 0, 0, 0
1700571432.737518, 336, 342, 0, 0, 0, 0, 0, 0
1700571432.7551591, 336, 342, 0, 0, 0, 0, 0, 0
1700571432.7717602, 336, 342, 0, 0, 0, 0, 0, 0
1700571432.788688, 336, 342, 0, 0, 0, 0, 0, 0
1700571432.8058188, 336, 342, 0, 0, 0, 0, 0, 0
1700571432.8221178, 336, 342, 0, 0, 0, 0, 0, 0
1700571432.8392289, 336, 342, 0, 0, 0, 0, 0, 0
1700571432.856708, 336, 342, 0, 0, 0, 0, 0, 0
1700571432.873914, 336, 342, 0, 0, 0, 0, 0, 0
1700571432.8902988, 336, 342, 0, 0, 0, 0, 0, 0
1700571432.907939, 336, 342, 0, 0, 0, 0, 0, 0
1700571432.9247942, 336, 342, 0, 0, 0, 0, 0, 0
1700571432.94198, 336, 341, 0, -1, 0, 0, 0, 0
1700571432.958529, 336, 340, 0, -1, 0, 0, 0, 0
1700571432.975553, 336, 339, 0, -1, 0, 0, 0, 0
1700571432.9925098, 336, 338, 0, -1, 0, 0, 0, 0
1700571433.007925, 336, 337, 0, -1, 0, 0, 0, 0
1700571433.024802, 336, 336, 0, -1, 0, 0, 0, 0
1700571433.041756, 336, 334, 0, -2, 0, 0, 0, 0
1700571433.058999, 337, 332, 1, -2, 0, 0, 0, 0
1700571433.0759602, 337, 331, 0, -1, 0, 0, 0, 0
1700571433.092746, 337, 329, 0, -2, 0, 0, 0, 0
1700571433.110646, 338, 327, 1, -2, 0, 0, 0, 0
1700571433.1275141, 338, 325, 0, -2, 0, 0, 0, 0
1700571433.144935, 339, 323, 1, -2, 0, 0, 0, 0
1700571433.161022, 339, 321, 0, -2, 0, 0, 0, 0
1700571433.177854, 340, 319, 1, -2, 0, 0, 0, 0
1700571433.194765, 340, 317, 0, -2, 0, 0, 0, 0
1700571433.213099, 341, 314, 1, -3, 0, 0, 0, 0
1700571433.230217, 341, 311, 0, -3, 0, 0, 0, 0
1700571433.246048, 342, 309, 1, -2, 0, 0, 0, 0
1700571433.263849, 342, 305, 0, -4, 0, 0, 0, 0
1700571433.281125, 343, 303, 1, -2, 0, 0, 0, 0
1700571433.2977228, 344, 300, 1, -3, 0, 0, 0, 0
1700571433.314345, 344, 297, 0, -3, 0, 0, 0, 0
1700571433.331282, 345, 294, 1, -3, 0, 0, 1, 0
1700571433.348688, 345, 290, 0, -4, 0, 0, 1, 0
1700571433.365664, 346, 287, 1, -3, 0, 0, 1, 0
1700571433.382899, 347, 279, 1, -8, 0, 0, 1, 0
1700571433.398978, 347, 274, 0, -5, 0, 0, 0, 0
1700571433.416681, 348, 269, 1, -5, 0, 0, 0, 0
1700571433.433732, 349, 264, 1, -5, 0, 0, 0, 0
1700571433.450436, 349, 259, 0, -5, 0, 0, 0, 0
1700571433.467722, 349, 253, 0, -6, 0, 0, 0, 0
1700571433.4846752, 349, 247, 0, -6, 0, 0, 0, 0
1700571433.501583, 349, 240, 0, -7, 0, 0, 0, 0
1700571433.518982, 349, 231, 0, -9, 0, 0, 0, 0
1700571433.536385, 349, 223, 0, -8, 0, 0, 0, 0
1700571433.553445, 349, 217, 0, -6, 0, 0, 0, 0
1700571433.571104, 349, 211, 0, -6, 0, 0, 0, 0
1700571433.5879931, 349, 204, 0, -7, 0, 0, 0, 0
1700571433.604488, 349, 197, 0, -7, 0, 0, 0, 0
1700571433.621378, 349, 193, 0, -4, 0, 0, 0, 0
1700571433.6382778, 349, 187, 0, -6, 0, 0, 0, 0
1700571433.65518, 349, 181, 0, -6, 0, 0, 0, 0
1700571433.672128, 349, 174, 0, -7, 0, 0, 1, 0
1700571433.689009, 348, 167, -1, -7, 0, 0, 1, 0
1700571433.7065659, 348, 162, 0, -5, 0, 0, 1, 0
1700571433.723597, 348, 158, 0, -4, 0, 0, 1, 0
1700571433.74101, 348, 154, 0, -4, 0, 0, 0, 0
1700571433.757854, 348, 151, 0, -3, 0, 0, 0, 0
1700571433.7739992, 348, 147, 0, -4, 0, 0, 0, 0
1700571433.790858, 347, 144, -1, -3, 0, 0, 0, 0
1700571433.807858, 347, 141, 0, -3, 0, 0, 0, 0
1700571433.8252292, 347, 137, 0, -4, 0, 0, 0, 0
1700571433.8420758, 346, 134, -1, -3, 0, 0, 0, 0
1700571433.859122, 346, 132, 0, -2, 0, 0, 0, 0
1700571433.876854, 346, 130, 0, -2, 0, 0, 0, 0
1700571433.893104, 346, 128, 0, -2, 0, 0, 0, 0
1700571433.909991, 346, 126, 0, -2, 0, 0, 0, 0
1700571433.925963, 346, 123, 0, -3, 0, 0, 0, 0
1700571433.943638, 345, 121, -1, -2, 0, 0, 1, 0
1700571433.9604108, 345, 119, 0, -2, 0, 0, 1, 0
1700571433.977348, 345, 117, 0, -2, 0, 0, 1, 0
1700571433.99366, 345, 116, 0, -1, 0, 0, 1, 0
1700571434.0105898, 344, 114, -1, -2, 0, 0, 0, 0
1700571434.02734, 344, 112, 0, -2, 0, 0, 0, 0
1700571434.043385, 344, 111, 0, -1, 0, 0, 0, 0
1700571434.060432, 344, 110, 0, -1, 0, 0, 0, 0
1700571434.077968, 344, 108, 0, -2, 0, 0, 0, 0
1700571434.094888, 344, 107, 0, -1, 0, 0, 0, 0
1700571434.11168, 344, 105, 0, -2, 0, 0, 0, 0
1700571434.1284852, 343, 104, -1, -1, 0, 0, 0, 0
1700571434.146518, 343, 103, 0, -1, 0, 0, 0, 0
1700571434.1641119, 343, 101, 0, -2, 0, 0, 0, 0
1700571434.180338, 343, 100, 0, -1, 0, 0, 0, 0
1700571434.1976671, 343, 99, 0, -1, 0, 0, 0, 0
1700571434.2146041, 343, 98, 0, -1, 0, 0, 0, 0
1700571434.231585, 342, 97, -1, -1, 0, 0, 0, 0
1700571434.248281, 342, 96, 0, -1, 0, 0, 0, 0
1700571434.265144, 342, 95, 0, -1, 0, 0, 0, 0
1700571434.282897, 342, 94, 0, -1, 0, 0, 0, 0
1700571434.29904, 342, 93, 0, -1, 0, 0, 0, 0
1700571434.316462, 342, 93, 0, 0, 0, 0, 0, 0
1700571434.333766, 341, 93, -1, 0, 0, 0, 0, 0
1700571434.350076, 341, 93, 0, 0, 0, 0, 0, 0
1700571434.368255, 341, 93, 0, 0, 0, 0, 0, 0
1700571434.384428, 341, 93, 0, 0, 0, 0, 0, 0
1700571434.4018502, 341, 93, 0, 0, 0, 0, 0, 0
1700571434.418447, 341, 93, 0, 0, 0, 0, 0, 0
1700571434.435578, 341, 93, 0, 0, 0, 0, 0, 0
1700571434.4527192, 341, 93, 0, 0, 0, 0, 0, 0
1700571434.469223, 341, 93, 0, 0, 0, 0, 0, 0
1700571434.4868321, 341, 93, 0, 0, 0, 0, 0, 0
1700571434.5038238, 341, 93, 0, 0, 0, 0, 0, 0
1700571434.520698, 341, 93, 0, 0, 0, 0, 0, 0
1700571434.537627, 341, 93, 0, 0, 0, 0, 0, 0
1700571434.554293, 341, 93, 0, 0, 0, 0, 0, 0
1700571434.57142, 341, 93, 0, 0, 0, 0, 0, 0
1700571434.588565, 341, 93, 0, 0, 0, 0, 0, 0
1700571434.6057549, 341, 93, 0, 0, 0, 0, 0, 0
1700571434.6228118, 341, 93, 0, 0, 0, 0, 0, 0
1700571434.640002, 341, 93, 0, 0, 0, 0, 0, 0
1700571434.656168, 341, 93, 0, 0, 0, 0, 0, 0
1700571434.673554, 341, 93, 0, 0, 0, 0, 0, 0
1700571434.690767, 341, 93, 0, 0, 0, 0, 0, 0
1700571434.708079, 341, 93, 0, 0, 0, 0, 0, 0
1700571434.724433, 341, 93, 0, 0, 0, 0, 0, 0
1700571434.74177, 341, 93, 0, 0, 0, 0, 0, 0
1700571434.758479, 341, 93, 0, 0, 0, 0, 0, 0
1700571434.775163, 341, 93, 0, 0, 0, 0, 0, 0
1700571434.7924852, 341, 93, 0, 0, 0, 0, 0, 0
1700571434.809242, 341, 93, 0, 0, 0, 0, 0, 0
1700571434.8265119, 341, 93, 0, 0, 0, 0, 0, 0
1700571434.843862, 341, 93, 0, 0, 0, 0, 0, 0
1700571434.8599339, 341, 93, 0, 0, 0, 0, 0, 0
1700571434.876549, 341, 93, 0, 0, 0, 0, 0, 0
1700571434.893673, 341, 93, 0, 0, 0, 0, 0, 0
1700571434.910638, 341, 93, 0, 0, 0, 0, 0, 0
1700571434.9276721, 341, 93, 0, 0, 0, 0, 0, 0
1700571434.944085, 341, 93, 0, 0, 0, 0, 0, 0
1700571434.961109, 341, 93, 0, 0, 0, 0, 0, 0
1700571434.977785, 341, 93, 0, 0, 0, 0, 0, 0
1700571434.99454, 341, 93, 0, 0, 0, 0, 0, 0
1700571435.011273, 341, 93, 0, 0, 0, 0, 0, 0
1700571435.026892, 341, 93, 0, 0, 0, 0, 0, 0
1700571435.043989, 341, 93, 0, 0, 0, 0, 0, 0
1700571435.0612202, 341, 94, 0, 1, 0, 0, 0, 0
1700571435.0781472, 341, 96, 0, 2, 0, 0, 0, 0
1700571435.0944781, 341, 98, 0, 2, 0, 0, 0, 0
1700571435.111903, 340, 101, -1, 3, 0, 0, 0, 0
1700571435.128671, 339, 105, -1, 4, 0, 0, 0, 0
1700571435.1460118, 339, 110, 0, 5, 0, 0, 0, 0
1700571435.1632829, 338, 116, -1, 6, 0, 0, 0, 1
1700571435.179472, 338, 121, 0, 5, 0, 0, 0, 1
1700571435.196695, 338, 123, 0, 2, 0, 0, 0, 1
1700571435.213527, 337, 130, -1, 7, 0, 0, 0, 1
1700571435.230926, 336, 133, -1, 3, 0, 0, 0, 0
1700571435.246881, 336, 138, 0, 5, 0, 0, 0, 0
1700571435.265155, 336, 142, 0, 4, 0, 0, 0, 0
1700571435.28197, 335, 147, -1, 5, 0, 0, 0, 0
1700571435.298181, 335, 152, 0, 5, 0, 0, 0, 1
1700571435.3151329, 334, 158, -1, 6, 0, 0, 0, 1
1700571435.331009, 334, 162, 0, 4, 0, 0, 0, 1
1700571435.3481312, 334, 166, 0, 4, 0, 0, 0, 1
1700571435.364616, 334, 171, 0, 5, 0, 0, 0, 0
1700571435.381675, 333, 179, -1, 8, 0, 0, 0, 0
1700571435.398813, 333, 184, 0, 5, 0, 0, 0, 0
1700571435.414925, 332, 191, -1, 7, 0, 0, 0, 0
1700571435.431982, 332, 198, 0, 7, 0, 0, 0, 0
1700571435.448905, 331, 205, -1, 7, 0, 0, 0, 0
1700571435.466465, 331, 210, 0, 5, 0, 0, 0, 0
1700571435.483134, 331, 216, 0, 6, 0, 0, 0, 0
1700571435.500891, 330, 227, -1, 11, 0, 1, 0, 1
1700571435.517528, 330, 234, 0, 7, 0, 1, 0, 1
1700571435.535129, 330, 242, 0, 8, 0, 1, 0, 1
1700571435.551126, 330, 249, 0, 7, 0, 1, 0, 1
1700571435.568842, 329, 257, -1, 8, 0, 0, 0, 1
1700571435.58533, 329, 264, 0, 7, 0, 0, 0, 1
1700571435.602844, 328, 272, -1, 8, 0, 0, 0, 1
1700571435.619663, 328, 282, 0, 10, 0, 0, 0, 1
1700571435.6371799, 328, 293, 0, 11, 0, 0, 0, 1
1700571435.6532328, 327, 300, -1, 7, 0, 0, 0, 1
1700571435.670292, 327, 304, 0, 4, 0, 0, 0, 1
1700571435.6879659, 327, 314, 0, 10, 0, 0, 0, 1
1700571435.704244, 326, 322, -1, 8, 0, 0, 0, 1
1700571435.721801, 326, 328, 0, 6, 0, 0, 0, 1
1700571435.7381818, 326, 333, 0, 5, 0, 0, 0, 1
1700571435.755324, 326, 338, 0, 5, 0, 0, 0, 1
1700571435.7723331, 325, 343, -1, 5, 0, 0, 0, 0
1700571435.7901728, 325, 349, 0, 6, 0, 0, 0, 0
1700571435.8056588, 325, 354, 0, 5, 0, 0, 0, 0
1700571435.8230321, 324, 362, -1, 8, 0, 0, 0, 0
1700571435.840048, 324, 367, 0, 5, 0, 0, 0, 0
1700571435.856862, 323, 374, -1, 7, 0, 0, 0, 0
1700571435.8742101, 323, 379, 0, 5, 0, 0, 0, 0
1700571435.8911319, 322, 385, -1, 6, 0, 0, 0, 0
1700571435.9079869, 322, 389, 0, 4, 0, 0, 0, 1
1700571435.925003, 321, 395, -1, 6, 0, 0, 0, 1
1700571435.941887, 321, 400, 0, 5, 0, 0, 0, 1
1700571435.9587321, 320, 408, -1, 8, 0, 0, 0, 1
1700571435.976667, 319, 412, -1, 4, 0, 0, 0, 0
1700571435.994223, 319, 416, 0, 4, 0, 0, 0, 0
1700571436.0106938, 319, 420, 0, 4, 0, 0, 0, 0
1700571436.027568, 318, 424, -1, 4, 0, 0, 0, 0
1700571436.044489, 318, 428, 0, 4, 0, 0, 0, 0
1700571436.061402, 318, 432, 0, 4, 0, 0, 0, 0
1700571436.078336, 318, 434, 0, 2, 0, 0, 0, 0
1700571436.095412, 318, 437, 0, 3, 0, 0, 0, 0
1700571436.112688, 317, 441, -1, 4, 0, 0, 0, 0
1700571436.129626, 317, 446, 0, 5, 0, 0, 0, 0
1700571436.146104, 317, 448, 0, 2, 0, 0, 0, 0
1700571436.163021, 316, 453, -1, 5, 0, 0, 0, 0
1700571436.17974, 316, 456, 0, 3, 0, 0, 0, 0
1700571436.196516, 316, 459, 0, 3, 0, 0, 0, 0
1700571436.2134159, 316, 462, 0, 3, 0, 0, 0, 0
1700571436.230392, 315, 465, -1, 3, 0, 0, 0, 0
1700571436.247508, 314, 469, -1, 4, 0, 0, 0, 0
1700571436.26496, 314, 473, 0, 4, 0, 0, 0, 0
1700571436.282272, 313, 478, -1, 5, 0, 0, 0, 0
1700571436.2989051, 312, 484, -1, 6, 0, 0, 0, 0
1700571436.315579, 312, 488, 0, 4, 0, 0, 0, 0
1700571436.3334541, 312, 492, 0, 4, 0, 0, 0, 0
1700571436.3497071, 311, 496, -1, 4, 0, 0, 0, 0
1700571436.367019, 310, 501, -1, 5, 0, 0, 0, 0
1700571436.38313, 310, 504, 0, 3, 0, 0, 0, 0
1700571436.3997939, 309, 507, -1, 3, 0, 0, 0, 0
1700571436.417474, 309, 509, 0, 2, 0, 0, 0, 0
1700571436.434089, 309, 512, 0, 3, 0, 0, 0, 0
1700571436.451497, 308, 517, -1, 5, 0, 0, 0, 0
1700571436.468425, 307, 521, -1, 4, 0, 0, 0, 0
1700571436.485079, 307, 524, 0, 3, 0, 0, 0, 0
1700571436.501858, 306, 527, -1, 3, 0, 0, 0, 0
1700571436.5188322, 306, 530, 0, 3, 0, 0, 0, 0
1700571436.5356102, 305, 533, -1, 3, 0, 0, 0, 0
1700571436.552636, 305, 536, 0, 3, 0, 0, 0, 0
1700571436.569449, 304, 538, -1, 2, 0, 0, 0, 0
1700571436.5864792, 304, 540, 0, 2, 0, 0, 0, 0
1700571436.603411, 304, 541, 0, 1, 0, 0, 0, 0
1700571436.620416, 303, 544, -1, 3, 0, 0, 0, 0
1700571436.637588, 303, 546, 0, 2, 0, 0, 0, 0
1700571436.655023, 302, 548, -1, 2, 0, 0, 0, 0
1700571436.671335, 302, 550, 0, 2, 0, 0, 0, 0
1700571436.6881962, 301, 552, -1, 2, 0, 0, 0, 0
1700571436.7052128, 301, 554, 0, 2, 0, 0, 0, 0
1700571436.722501, 300, 557, -1, 3, 0, 0, 0, 0
1700571436.739478, 299, 559, -1, 2, 0, 0, 0, 0
1700571436.756438, 299, 563, 0, 4, 0, 0, 0, 0
1700571436.77377, 297, 568, -2, 5, 0, 0, 0, 0
1700571436.791214, 297, 571, 0, 3, 0, 0, 0, 0
1700571436.807246, 296, 573, -1, 2, 0, 0, 0, 0
1700571436.824783, 295, 575, -1, 2, 0, 0, 0, 0
1700571436.842166, 295, 576, 0, 1, 0, 0, 0, 0
1700571436.858547, 295, 576, 0, 0, 0, 0, 0, 0
1700571436.875123, 295, 577, 0, 1, 0, 0, 0, 0
1700571436.891999, 295, 577, 0, 0, 0, 0, 0, 0
1700571436.908952, 295, 578, 0, 1, 0, 0, 0, 0
1700571436.9259038, 295, 578, 0, 0, 0, 0, 0, 0
1700571436.943443, 295, 578, 0, 0, 0, 0, 0, 0
1700571436.960562, 295, 578, 0, 0, 0, 0, 0, 0
1700571436.9777799, 295, 578, 0, 0, 0, 0, 0, 0
1700571436.994752, 295, 578, 0, 0, 0, 0, 0, 0
1700571437.0114079, 295, 578, 0, 0, 0, 0, 0, 0
1700571437.0290391, 295, 578, 0, 0, 0, 0, 0, 0
1700571437.0468538, 295, 578, 0, 0, 0, 0, 0, 0
1700571437.0637708, 295, 578, 0, 0, 0, 0, 0, 0
1700571437.080605, 295, 578, 0, 0, 0, 0, 0, 0
1700571437.097763, 295, 578, 0, 0, 0, 0, 0, 0
1700571437.115262, 295, 578, 0, 0, 0, 0, 0, 0
1700571437.131766, 295, 578, 0, 0, 0, 0, 0, 0
1700571437.1489542, 295, 578, 0, 0, 0, 0, 0, 0
1700571437.1654882, 295, 578, 0, 0, 0, 0, 0, 0
1700571437.1827352, 295, 578, 0, 0, 0, 0, 0, 0
1700571437.200146, 295, 578, 0, 0, 0, 0, 0, 0
1700571437.2169652, 295, 578, 0, 0, 0, 0, 0, 0
1700571437.233613, 295, 578, 0, 0, 0, 0, 0, 0
1700571437.250417, 295, 578, 0, 0, 0, 0, 0, 0
1700571437.266978, 295, 578, 0, 0, 0, 0, 0, 0
1700571437.284679, 295, 578, 0, 0, 0, 0, 0, 0
1700571437.301491, 295, 578, 0, 0, 0, 0, 0, 0
1700571437.318411, 295, 578, 0, 0, 0, 0, 0, 0
1700571437.3361049, 295, 578, 0, 0, 0, 0, 0, 0
1700571437.353131, 295, 578, 0, 0, 0, 0, 0, 0
1700571437.369676, 295, 578, 0, 0, 0, 0, 0, 0
1700571437.386417, 295, 578, 0, 0, 0, 0, 0, 0
1700571437.403875, 295, 578, 0, 0, 0, 0, 0, 0
1700571437.420452, 295, 578, 0, 0, 0, 0, 0, 0
1700571437.43736, 295, 578, 0, 0, 0, 0, 0, 0
1700571437.454062, 295, 578, 0, 0, 0, 0, 0, 0
1700571437.47193, 295, 578, 0, 0, 0, 0, 0, 0
1700571437.4889238, 295, 578, 0, 0, 0, 0, 0, 0
1700571437.506134, 295, 578, 0, 0, 0, 0, 0, 0
1700571437.522677, 295, 578, 0, 0, 0, 0, 0, 0
1700571437.540108, 295, 578, 0, 0, 0, 0, 0, 0
1700571437.5571342, 295, 578, 0, 0, 0, 0, 0, 0
1700571437.573578, 295, 578, 0, 0, 0, 0, 0, 0
1700571437.590996, 295, 578, 0, 0, 0, 0, 0, 0
1700571437.607517, 295, 578, 0, 0, 0, 0, 0, 0
1700571437.624712, 295, 578, 0, 0, 0, 0, 0, 0
1700571437.641286, 295, 578, 0, 0, 0, 0, 0, 0
1700571437.6584609, 295, 578, 0, 0, 0, 0, 0, 0
1700571437.675618, 295, 578, 0, 0, 0, 0, 0, 0
1700571437.692307, 295, 578, 0, 0, 0, 0, 0, 0
1700571437.709346, 295, 578, 0, 0, 0, 0, 0, 0
1700571437.726248, 295, 578, 0, 0, 0, 0, 0, 0
1700571437.744406, 295, 578, 0, 0, 0, 0, 0, 0
1700571437.760541, 295, 578, 0, 0, 0, 0, 0, 0
1700571437.777408, 295, 578, 0, 0, 0, 0, 0, 0
1700571437.7940962, 295, 578, 0, 0, 0, 0, 0, 0
1700571437.811295, 295, 578, 0, 0, 0, 0, 0, 0
1700571437.828228, 295, 578, 0, 0, 0, 0, 0, 0
1700571437.8455071, 295, 578, 0, 0, 0, 0, 0, 0
1700571437.86222, 295, 578, 0, 0, 0, 0, 0, 0
1700571437.8789601, 295, 578, 0, 0, 0, 0, 0, 0
1700571437.8952398, 295, 578, 0, 0, 0, 0, 0, 0
1700571437.912437, 295, 578, 0, 0, 0, 0, 0, 0
1700571437.9295979, 295, 578, 0, 0, 0, 0, 0, 0
1700571437.94672, 295, 577, 0, -1, 0, 0, 0, 0
1700571437.96418, 295, 577, 0, 0, 0, 0, 0, 0
1700571437.98122, 295, 575, 0, -2, 0, 0, 0, 0
1700571437.9973161, 295, 574, 0, -1, 0, 0, 0, 0
1700571438.0137432, 295, 573, 0, -1, 0, 0, 0, 0
1700571438.029686, 295, 573, 0, 0, 0, 0, 0, 0
1700571438.045753, 295, 572, 0, -1, 0, 0, 0, 0
1700571438.0635772, 295, 571, 0, -1, 0, 0, 0, 0
1700571438.0804899, 295, 570, 0, -1, 0, 0, 0, 0
1700571438.09791, 295, 569, 0, -1, 0, 0, 0, 0
1700571438.114246, 295, 568, 0, -1, 0, 0, 0, 0
1700571438.131017, 295, 566, 0, -2, 0, 0, 0, 0
1700571438.1482759, 295, 565, 0, -1, 0, 0, 0, 0
1700571438.164459, 295, 564, 0, -1, 0, 0, 0, 0
1700571438.182741, 295, 562, 0, -2, 0, 0, 0, 0
1700571438.200205, 295, 560, 0, -2, 0, 0, 0, 0
1700571438.216579, 295, 558, 0, -2, 0, 0, 0, 0
1700571438.233693, 296, 556, 1, -2, 0, 0, 0, 0
1700571438.2513049, 296, 555, 0, -1, 0, 0, 0, 0
1700571438.268289, 296, 552, 0, -3, 0, 0, 0, 0
1700571438.2841852, 296, 550, 0, -2, 0, 0, 0, 0
1700571438.301867, 296, 547, 0, -3, 0, 0, 0, 0
1700571438.318493, 297, 544, 1, -3, 0, 0, 0, 0
1700571438.336426, 297, 540, 0, -4, 0, 0, 0, 0
1700571438.353761, 297, 535, 0, -5, 0, 0, 0, 0
1700571438.370799, 297, 531, 0, -4, 0, 0, 0, 0
1700571438.3871691, 297, 527, 0, -4, 0, 0, 0, 0
1700571438.4043572, 298, 523, 1, -4, 0, 0, 0, 0
1700571438.421212, 298, 521, 0, -2, 0, 0, 0, 0
1700571438.4377449, 298, 516, 0, -5, 0, 0, 0, 0
1700571438.455452, 298, 512, 0, -4, 0, 0, 0, 0
1700571438.472406, 298, 507, 0, -5, 0, 0, 0, 0
1700571438.489344, 298, 505, 0, -2, 0, 0, 0, 0
1700571438.506995, 298, 500, 0, -5, 0, 0, 0, 0
1700571438.5232892, 298, 497, 0, -3, 0, 0, 0, 0
1700571438.540916, 298, 493, 0, -4, 0, 0, 0, 0
1700571438.5570161, 298, 490, 0, -3, 0, 0, 0, 0
1700571438.574108, 298, 487, 0, -3, 0, 0, 0, 0
1700571438.591885, 298, 484, 0, -3, 0, 0, 0, 0
1700571438.608802, 298, 480, 0, -4, 0, 0, 0, 0
1700571438.6263208, 298, 476, 0, -4, 0, 0, 0, 0
1700571438.642658, 298, 472, 0, -4, 0, 0, 0, 0
1700571438.6595159, 298, 468, 0, -4, 0, 0, 0, 0
1700571438.676932, 298, 464, 0, -4, 0, 0, 0, 0
1700571438.693216, 298, 461, 0, -3, 0, 0, 0, 0
1700571438.71002, 298, 456, 0, -5, 0, 0, 0, 0
1700571438.7269099, 298, 453, 0, -3, 0, 0, 0, 0
1700571438.7443242, 298, 449, 0, -4, 0, 0, 0, 0
1700571438.761796, 298, 446, 0, -3, 0, 0, 0, 0
1700571438.778615, 298, 442, 0, -4, 0, 0, 0, 0
1700571438.796399, 297, 435, -1, -7, 0, 0, 0, 0
1700571438.812315, 296, 431, -1, -4, 0, 0, 0, 0
1700571438.829371, 296, 426, 0, -5, 0, 0, 1, 0
1700571438.8463502, 295, 420, -1, -6, 0, 0, 1, 0
1700571438.863286, 295, 415, 0, -5, 0, 0, 1, 0
1700571438.8807309, 295, 409, 0, -6, 0, 0, 1, 0
1700571438.897503, 294, 403, -1, -6, 0, 1, 0, 0
1700571438.914145, 293, 397, -1, -6, 0, 1, 0, 0
1700571438.930869, 293, 392, 0, -5, 0, 1, 0, 0
1700571438.9486022, 292, 383, -1, -9, 0, 1, 0, 0
1700571438.96558, 292, 379, 0, -4, 0, 0, 0, 0
1700571438.982521, 291, 374, -1, -5, 0, 0, 0, 0
1700571439.000045, 290, 370, -1, -4, 0, 0, 0, 0
1700571439.01665, 290, 364, 0, -6, 0, 0, 0, 0
1700571439.033947, 289, 360, -1, -4, 0, 0, 0, 0
1700571439.050011, 289, 356, 0, -4, 0, 0, 0, 0
1700571439.067389, 288, 352, -1, -4, 0, 0, 0, 0
1700571439.083885, 288, 349, 0, -3, 0, 0, 0, 0
1700571439.101536, 287, 344, -1, -5, 0, 0, 1, 0
1700571439.118664, 287, 341, 0, -3, 0, 0, 1, 0
1700571439.1359591, 287, 338, 0, -3, 0, 0, 1, 0
1700571439.152587, 286, 335, -1, -3, 0, 0, 1, 0
1700571439.1693351, 286, 332, 0, -3, 0, 0, 0, 0
1700571439.187037, 285, 326, -1, -6, 0, 0, 0, 0
1700571439.203085, 285, 322, 0, -4, 0, 0, 0, 0
1700571439.220174, 285, 318, 0, -4, 0, 0, 0, 0
1700571439.2378418, 284, 314, -1, -4, 0, 0, 1, 0
1700571439.2552168, 283, 308, -1, -6, 0, 0, 1, 0
1700571439.271486, 283, 304, 0, -4, 0, 0, 1, 0
1700571439.289162, 282, 297, -1, -7, 0, 0, 1, 0
1700571439.305616, 282, 293, 0, -4, 0, 0, 1, 0
1700571439.323125, 281, 287, -1, -6, 0, 0, 1, 0
1700571439.3393102, 280, 281, -1, -6, 0, 0, 1, 0
1700571439.3562188, 280, 276, 0, -5, 0, 0, 1, 0
1700571439.373098, 279, 272, -1, -4, 0, 0, 1, 0
1700571439.389825, 278, 266, -1, -6, 0, 0, 1, 0
1700571439.40748, 278, 261, 0, -5, 0, 0, 1, 0
1700571439.4241228, 277, 257, -1, -4, 0, 0, 1, 0
1700571439.441489, 277, 251, 0, -6, 0, 0, 0, 0
1700571439.458891, 276, 247, -1, -4, 0, 0, 0, 0
1700571439.475567, 275, 243, -1, -4, 0, 0, 0, 0
1700571439.493243, 274, 240, -1, -3, 0, 0, 0, 0
1700571439.5093892, 274, 237, 0, -3, 0, 0, 0, 0
1700571439.5264, 274, 234, 0, -3, 0, 0, 0, 0
1700571439.5437891, 273, 231, -1, -3, 0, 0, 0, 0
1700571439.5606961, 273, 227, 0, -4, 0, 0, 0, 0
1700571439.57763, 272, 221, -1, -6, 0, 0, 1, 0
1700571439.595386, 271, 217, -1, -4, 0, 0, 1, 0
1700571439.6123788, 270, 212, -1, -5, 0, 0, 1, 0
1700571439.6301792, 270, 209, 0, -3, 0, 0, 1, 0
1700571439.6477308, 269, 204, -1, -5, 0, 0, 1, 0
1700571439.66464, 267, 196, -2, -8, 0, 0, 1, 0
1700571439.682097, 267, 194, 0, -2, 0, 0, 1, 0
1700571439.698928, 266, 186, -1, -8, 0, 0, 1, 0
1700571439.7155359, 265, 181, -1, -5, 0, 0, 0, 0
1700571439.732487, 263, 174, -2, -7, 0, 0, 0, 0
1700571439.749362, 263, 168, 0, -6, 0, 0, 0, 0
1700571439.766272, 262, 163, -1, -5, 0, 0, 0, 0
1700571439.7831838, 261, 158, -1, -5, 0, 0, 1, 0
1700571439.8001971, 260, 152, -1, -6, 0, 0, 1, 0
1700571439.8171399, 258, 148, -2, -4, 0, 0, 1, 0
1700571439.833998, 257, 143, -1, -5, 0, 0, 1, 0
1700571439.8510342, 256, 136, -1, -7, 0, 0, 0, 0
1700571439.868685, 255, 133, -1, -3, 0, 0, 0, 0
1700571439.88522, 254, 130, -1, -3, 0, 0, 0, 0
1700571439.902269, 254, 126, 0, -4, 0, 0, 0, 0
1700571439.919538, 253, 123, -1, -3, 0, 0, 0, 0
1700571439.936406, 252, 119, -1, -4, 0, 0, 0, 0
1700571439.9539661, 252, 118, 0, -1, 0, 0, 0, 0
1700571439.971006, 251, 114, -1, -4, 0, 0, 0, 0
1700571439.9877708, 250, 112, -1, -2, 0, 0, 0, 0
1700571440.004531, 250, 111, 0, -1, 0, 0, 0, 0
1700571440.0214531, 250, 109, 0, -2, 0, 0, 0, 0
1700571440.0388439, 249, 108, -1, -1, 0, 0, 0, 0
1700571440.055937, 249, 107, 0, -1, 0, 0, 1, 0
1700571440.072704, 249, 106, 0, -1, 0, 0, 1, 0
1700571440.088958, 249, 105, 0, -1, 0, 0, 1, 0
1700571440.1065102, 249, 104, 0, -1, 0, 0, 1, 0
1700571440.1234639, 249, 103, 0, -1, 0, 0, 0, 0
1700571440.141393, 248, 100, -1, -3, 0, 0, 0, 0
1700571440.158897, 248, 99, 0, -1, 0, 0, 0, 0
1700571440.175693, 248, 98, 0, -1, 0, 0, 0, 0
1700571440.1931882, 248, 96, 0, -2, 0, 0, 0, 0
1700571440.209505, 248, 94, 0, -2, 0, 0, 0, 0
1700571440.226541, 248, 93, 0, -1, 0, 0, 0, 0
1700571440.244232, 247, 90, -1, -3, 0, 0, 0, 0
1700571440.262192, 247, 89, 0, -1, 0, 0, 0, 0
1700571440.2790852, 247, 86, 0, -3, 0, 0, 0, 0
1700571440.295878, 247, 84, 0, -2, 0, 0, 0, 0
1700571440.312732, 247, 84, 0, 0, 0, 0, 0, 0
1700571440.330176, 247, 82, 0, -2, 0, 0, 0, 0
1700571440.347171, 247, 81, 0, -1, 0, 0, 0, 0
1700571440.36303, 247, 81, 0, 0, 0, 0, 0, 0
1700571440.3807821, 247, 80, 0, -1, 0, 0, 0, 0
1700571440.397902, 247, 80, 0, 0, 0, 0, 0, 0
1700571440.4149299, 247, 79, 0, -1, 0, 0, 0, 0
1700571440.431044, 247, 79, 0, 0, 0, 0, 0, 0
1700571440.4481459, 247, 78, 0, -1, 0, 0, 0, 0
1700571440.466004, 247, 78, 0, 0, 0, 0, 0, 0
1700571440.4827352, 247, 77, 0, -1, 0, 0, 0, 0
1700571440.499614, 247, 77, 0, 0, 0, 0, 0, 0
1700571440.5166762, 247, 76, 0, -1, 0, 0, 0, 0
1700571440.5334258, 247, 75, 0, -1, 0, 0, 0, 0
1700571440.55074, 247, 74, 0, -1, 0, 0, 0, 0
1700571440.5669482, 247, 74, 0, 0, 0, 0, 0, 0
1700571440.5844579, 247, 73, 0, -1, 0, 0, 0, 0
1700571440.6019971, 247, 72, 0, -1, 0, 0, 1, 0
1700571440.618499, 247, 71, 0, -1, 0, 0, 1, 0
1700571440.635256, 247, 71, 0, 0, 0, 0, 1, 0
1700571440.652716, 247, 71, 0, 0, 0, 0, 1, 0
1700571440.669594, 247, 70, 0, -1, 0, 0, 0, 0
1700571440.687306, 247, 70, 0, 0, 0, 0, 0, 0
1700571440.704013, 247, 70, 0, 0, 0, 0, 0, 0
1700571440.7207081, 247, 70, 0, 0, 0, 0, 0, 0
1700571440.737269, 247, 70, 0, 0, 0, 0, 0, 0
1700571440.7547112, 247, 70, 0, 0, 0, 0, 0, 0
1700571440.771679, 247, 70, 0, 0, 0, 0, 0, 0
1700571440.7891898, 247, 70, 0, 0, 0, 0, 0, 0
1700571440.806732, 247, 70, 0, 0, 0, 0, 0, 0
1700571440.824109, 247, 70, 0, 0, 0, 0, 0, 0
1700571440.841056, 247, 70, 0, 0, 0, 0, 0, 0
1700571440.857663, 247, 70, 0, 0, 0, 0, 0, 0
1700571440.874799, 247, 70, 0, 0, 0, 0, 0, 0
1700571440.891758, 247, 70, 0, 0, 0, 0, 0, 0
1700571440.908519, 247, 70, 0, 0, 0, 0, 0, 0
1700571440.925309, 247, 70, 0, 0, 0, 0, 0, 0
1700571440.94256, 247, 70, 0, 0, 0, 0, 0, 0
1700571440.9597812, 247, 70, 0, 0, 0, 0, 0, 0
1700571440.976367, 247, 70, 0, 0, 0, 0, 0, 0
1700571440.993548, 247, 70, 0, 0, 0, 0, 0, 0
1700571441.010765, 247, 70, 0, 0, 0, 0, 0, 0
1700571441.02769, 247, 70, 0, 0, 0, 0, 0, 0
1700571441.044755, 247, 70, 0, 0, 0, 0, 0, 0
1700571441.0616949, 247, 70, 0, 0, 0, 0, 0, 0
1700571441.0788429, 247, 70, 0, 0, 0, 0, 0, 0
1700571441.096032, 247, 70, 0, 0, 0, 0, 0, 0
1700571441.112591, 247, 70, 0, 0, 0, 0, 0, 0
1700571441.129635, 247, 70, 0, 0, 0, 0, 0, 0
1700571441.147139, 247, 70, 0, 0, 0, 0, 0, 0
1700571441.1636841, 247, 70, 0, 0, 0, 0, 0, 0
1700571441.181911, 247, 70, 0, 0, 0, 0, 0, 0
1700571441.197407, 247, 70, 0, 0, 0, 0, 0, 0
1700571441.214876, 247, 70, 0, 0, 0, 0, 0, 0
1700571441.23152, 247, 71, 0, 1, 0, 0, 0, 0
1700571441.2485151, 247, 72, 0, 1, 0, 0, 0, 0
1700571441.2664058, 248, 73, 1, 1, 0, 0, 0, 0
1700571441.2833762, 248, 75, 0, 2, 0, 0, 0, 1
1700571441.300444, 248, 77, 0, 2, 0, 0, 0, 1
1700571441.316845, 249, 81, 1, 4, 0, 0, 0, 1
1700571441.333437, 249, 84, 0, 3, 0, 0, 0, 1
1700571441.350624, 249, 87, 0, 3, 0, 0, 0, 0
1700571441.368116, 249, 90, 0, 3, 0, 0, 0, 0
1700571441.38434, 249, 92, 0, 2, 0, 0, 0, 0
1700571441.4003992, 249, 95, 0, 3, 0, 0, 0, 0
1700571441.4177449, 249, 100, 0, 5, 0, 0, 0, 1
1700571441.434016, 249, 103, 0, 3, 0, 0, 0, 1
1700571441.451403, 249, 108, 0, 5, 0, 0, 0, 1
1700571441.4688692, 250, 113, 1, 5, 0, 0, 0, 1
1700571441.4855602, 250, 118, 0, 5, 0, 0, 0, 0
1700571441.503176, 250, 126, 0, 8, 0, 0, 0, 0
1700571441.519555, 250, 131, 0, 5, 0, 0, 0, 0
1700571441.537258, 250, 136, 0, 5, 0, 0, 0, 0
1700571441.553084, 250, 141, 0, 5, 0, 0, 0, 1
1700571441.56992, 250, 148, 0, 7, 0, 0, 0, 1
1700571441.586817, 250, 152, 0, 4, 0, 0, 0, 1
1700571441.605184, 250, 157, 0, 5, 0, 0, 0, 1
1700571441.6221771, 250, 162, 0, 5, 0, 0, 0, 0
1700571441.638571, 250, 169, 0, 7, 0, 0, 0, 0
1700571441.6559439, 250, 173, 0, 4, 0, 0, 0, 0
1700571441.6724942, 250, 177, 0, 4, 0, 0, 0, 0
1700571441.6902258, 250, 181, 0, 4, 0, 0, 0, 1
1700571441.706482, 249, 185, -1, 4, 0, 0, 0, 1
1700571441.723399, 249, 189, 0, 4, 0, 0, 0, 1
1700571441.740554, 249, 193, 0, 4, 0, 0, 0, 1
1700571441.757733, 248, 198, -1, 5, 0, 0, 0, 1
1700571441.774817, 248, 204, 0, 6, 0, 0, 0, 1
1700571441.79155, 248, 209, 0, 5, 0, 0, 0, 1
1700571441.808764, 247, 216, -1, 7, 0, 0, 0, 1
1700571441.8259242, 246, 224, -1, 8, 0, 0, 0, 0
1700571441.843263, 246, 230, 0, 6, 0, 0, 0, 0
1700571441.860404, 245, 237, -1, 7, 0, 0, 0, 0
1700571441.87651, 244, 243, -1, 6, 0, 0, 0, 0
1700571441.893655, 244, 249, 0, 6, 0, 0, 0, 0
1700571441.910672, 243, 254, -1, 5, 0, 0, 0, 0
1700571441.9282088, 243, 259, 0, 5, 0, 0, 0, 0
1700571441.945136, 242, 267, -1, 8, 0, 0, 0, 0
1700571441.961761, 241, 271, -1, 4, 0, 0, 0, 0
1700571441.9781508, 241, 277, 0, 6, 0, 0, 0, 0
1700571441.995046, 240, 284, -1, 7, 0, 0, 0, 0
1700571442.0127082, 239, 287, -1, 3, 0, 0, 0, 0
1700571442.02894, 238, 295, -1, 8, 0, 0, 0, 1
1700571442.044938, 237, 303, -1, 8, 0, 0, 0, 1
1700571442.06194, 237, 309, 0, 6, 0, 0, 0, 1
1700571442.079044, 236, 313, -1, 4, 0, 0, 0, 1
1700571442.096929, 235, 318, -1, 5, 0, 0, 0, 0
1700571442.114194, 235, 321, 0, 3, 0, 0, 0, 0
1700571442.131126, 234, 325, -1, 4, 0, 0, 0, 0
1700571442.1476061, 234, 326, 0, 1, 0, 0, 0, 0
1700571442.164321, 234, 327, 0, 1, 0, 0, 0, 0
1700571442.182118, 234, 328, 0, 1, 0, 0, 0, 0
1700571442.197953, 234, 328, 0, 0, 0, 0, 0, 0
1700571442.214993, 234, 329, 0, 1, 0, 0, 0, 0
1700571442.2326899, 234, 329, 0, 0, 0, 0, 0, 0
1700571442.2502432, 234, 330, 0, 1, 0, 0, 0, 0
1700571442.2672021, 234, 330, 0, 0, 0, 0, 0, 0
1700571442.284029, 234, 330, 0, 0, 0, 0, 0, 0
1700571442.30054, 234, 331, 0, 1, 0, 0, 0, 0
1700571442.3178802, 234, 331, 0, 0, 0, 0, 0, 0
1700571442.334466, 234, 331, 0, 0, 0, 0, 0, 0
1700571442.3513322, 234, 331, 0, 0, 0, 0, 0, 0
1700571442.368564, 234, 331, 0, 0, 0, 0, 0, 0
1700571442.385823, 234, 331, 0, 0, 0, 0, 0, 0
1700571442.402327, 234, 331, 0, 0, 0, 0, 0, 0
1700571442.4197602, 234, 331, 0, 0, 0, 0, 0, 0
1700571442.436648, 234, 331, 0, 0, 0, 0, 0, 0
1700571442.454036, 234, 331, 0, 0, 0, 0, 0, 0
1700571442.471861, 234, 331, 0, 0, 0, 0, 0, 0
1700571442.488395, 234, 331, 0, 0, 0, 0, 0, 0
1700571442.505336, 234, 331, 0, 0, 0, 0, 0, 0
1700571442.522462, 234, 331, 0, 0, 0, 0, 0, 0
1700571442.539736, 234, 331, 0, 0, 0, 0, 0, 0
1700571442.5563798, 234, 331, 0, 0, 0, 0, 0, 0
1700571442.5740428, 234, 331, 0, 0, 0, 0, 0, 0
1700571442.590636, 234, 331, 0, 0, 0, 0, 0, 0
1700571442.607622, 234, 331, 0, 0, 0, 0, 0, 0
1700571442.624589, 234, 331, 0, 0, 0, 0, 0, 0
1700571442.64207, 234, 331, 0, 0, 0, 0, 0, 0
1700571442.6585238, 234, 331, 0, 0, 0, 0, 0, 0
1700571442.6757498, 234, 331, 0, 0, 0, 0, 0, 0
1700571442.692756, 234, 331, 0, 0, 0, 0, 0, 0
1700571442.709805, 234, 331, 0, 0, 0, 0, 0, 0
1700571442.726623, 234, 331, 0, 0, 0, 0, 0, 0
1700571442.744411, 234, 331, 0, 0, 0, 0, 0, 0
1700571442.760459, 234, 331, 0, 0, 0, 0, 0, 0
1700571442.777995, 234, 331, 0, 0, 0, 0, 0, 0
1700571442.794942, 234, 331, 0, 0, 0, 0, 0, 0
1700571442.812202, 234, 331, 0, 0, 0, 0, 0, 0
1700571442.828918, 234, 331, 0, 0, 0, 0, 0, 0
1700571442.846142, 234, 331, 0, 0, 0, 0, 0, 0
1700571442.86257, 234, 331, 0, 0, 0, 0, 0, 0
1700571442.879744, 234, 331, 0, 0, 0, 0, 0, 0
1700571442.896301, 234, 331, 0, 0, 0, 0, 0, 0
1700571442.9141152, 234, 331, 0, 0, 0, 0, 0, 0
1700571442.930184, 234, 331, 0, 0, 0, 0, 0, 0
1700571442.94804, 234, 331, 0, 0, 0, 0, 0, 0
1700571442.964967, 234, 331, 0, 0, 0, 0, 0, 0
1700571442.982502, 234, 331, 0, 0, 0, 0, 0, 0
1700571442.999104, 234, 331, 0, 0, 0, 0, 0, 0
1700571443.015389, 235, 331, 1, 0, 0, 0, 0, 0
1700571443.032553, 237, 331, 2, 0, 0, 0, 0, 0
1700571443.0495849, 239, 331, 2, 0, 0, 0, 0, 0
1700571443.066061, 241, 331, 2, 0, 0, 0, 0, 0
1700571443.082468, 245, 331, 4, 0, 0, 0, 0, 0
1700571443.0991008, 248, 331, 3, 0, 0, 0, 0, 0
1700571443.1151822, 253, 331, 5, 0, 1, 0, 0, 0
1700571443.133131, 257, 331, 4, 0, 1, 0, 0, 0
1700571443.149303, 263, 331, 6, 0, 1, 0, 0, 0
1700571443.166789, 266, 330, 3, -1, 1, 0, 0, 0
1700571443.183829, 272, 330, 6, 0, 0, 0, 0, 0
1700571443.2011409, 276, 330, 4, 0, 0, 0, 0, 0
1700571443.217601, 283, 330, 7, 0, 0, 0, 0, 0
1700571443.235404, 293, 330, 10, 0, 0, 0, 0, 0
1700571443.2514381, 299, 330, 6, 0, 1, 0, 0, 0
1700571443.2687218, 309, 330, 10, 0, 1, 0, 0, 0
1700571443.2859259, 315, 330, 6, 0, 1, 0, 0, 0
1700571443.303187, 322, 330, 7, 0, 1, 0, 0, 0
1700571443.320448, 330, 330, 8, 0, 1, 0, 0, 0
1700571443.337968, 338, 330, 8, 0, 1, 0, 0, 0
1700571443.354292, 345, 330, 7, 0, 1, 0, 0, 0
1700571443.370569, 351, 330, 6, 0, 1, 0, 0, 0
1700571443.387671, 362, 330, 11, 0, 1, 0, 0, 0
1700571443.404814, 371, 330, 9, 0, 1, 0, 0, 0
1700571443.4217951, 375, 330, 4, 0, 1, 0, 0, 0
1700571443.438731, 386, 330, 11, 0, 1, 0, 0, 0
1700571443.455712, 393, 330, 7, 0, 0, 0, 0, 0
1700571443.472734, 400, 330, 7, 0, 0, 0, 0, 0
1700571443.488798, 407, 330, 7, 0, 0, 0, 0, 0
1700571443.5067651, 412, 330, 5, 0, 0, 0, 0, 0
1700571443.5243468, 419, 330, 7, 0, 0, 0, 0, 0
1700571443.540769, 433, 330, 14, 0, 0, 0, 0, 0
1700571443.557122, 443, 331, 10, 1, 0, 0, 0, 0
1700571443.57486, 451, 331, 8, 0, 0, 0, 0, 0
1700571443.591151, 458, 331, 7, 0, 0, 0, 0, 0
1700571443.608407, 464, 331, 6, 0, 0, 0, 0, 0
1700571443.625302, 473, 331, 9, 0, 0, 0, 0, 0
1700571443.642612, 479, 331, 6, 0, 0, 0, 0, 0
1700571443.659702, 489, 332, 10, 1, 0, 0, 0, 0
1700571443.676395, 496, 332, 7, 0, 0, 0, 0, 0
1700571443.694361, 506, 332, 10, 0, 0, 0, 0, 0
1700571443.7108428, 518, 333, 12, 1, 0, 0, 0, 0
1700571443.727044, 530, 333, 12, 0, 0, 0, 0, 0
1700571443.744597, 540, 333, 10, 0, 0, 0, 0, 0
1700571443.761548, 549, 334, 9, 1, 0, 0, 0, 0
1700571443.779178, 559, 334, 10, 0, 0, 0, 0, 0
1700571443.796353, 569, 335, 10, 1, 0, 0, 0, 0
1700571443.8124192, 579, 336, 10, 1, 0, 0, 0, 0
1700571443.829343, 590, 336, 11, 0, 0, 0, 0, 0
1700571443.846119, 602, 336, 12, 0, 0, 0, 0, 0
1700571443.863646, 615, 336, 13, 0, 1, 0, 0, 0
1700571443.879838, 626, 336, 11, 0, 1, 0, 0, 0
1700571443.896357, 636, 336, 10, 0, 1, 0, 0, 0
1700571443.912104, 640, 336, 4, 0, 1, 0, 0, 0
1700571443.929836, 653, 336, 13, 0, 1, 0, 0, 0
1700571443.946316, 661, 336, 8, 0, 1, 0, 0, 0
1700571443.964191, 669, 336, 8, 0, 1, 0, 0, 0
1700571443.98128, 676, 336, 7, 0, 1, 0, 0, 0
1700571443.998809, 681, 336, 5, 0, 0, 0, 0, 0
1700571444.015567, 688, 336, 7, 0, 0, 0, 0, 0
1700571444.033064, 698, 336, 10, 0, 0, 0, 0, 0
1700571444.0496268, 706, 336, 8, 0, 0, 0, 0, 0
1700571444.067033, 712, 336, 6, 0, 1, 0, 0, 0
1700571444.0834858, 718, 336, 6, 0, 1, 0, 0, 0
1700571444.100781, 724, 336, 6, 0, 1, 0, 0, 0
1700571444.1175659, 731, 337, 7, 1, 1, 0, 0, 0
1700571444.134308, 739, 337, 8, 0, 0, 0, 0, 0
1700571444.15165, 746, 337, 7, 0, 0, 0, 0, 0
1700571444.167996, 752, 337, 6, 0, 0, 0, 0, 0
1700571444.185327, 763, 337, 11, 0, 0, 0, 0, 0
1700571444.202016, 770, 338, 7, 1, 1, 0, 0, 0
1700571444.219436, 777, 338, 7, 0, 1, 0, 0, 0
1700571444.236722, 783, 338, 6, 0, 1, 0, 0, 0
1700571444.253288, 793, 339, 10, 1, 1, 0, 0, 0
1700571444.2703822, 800, 339, 7, 0, 0, 0, 0, 0
1700571444.288022, 809, 339, 9, 0, 0, 0, 0, 0
1700571444.305217, 818, 340, 9, 1, 0, 0, 0, 0
1700571444.32182, 824, 340, 6, 0, 0, 0, 0, 0
1700571444.339215, 836, 340, 12, 0, 1, 0, 0, 0
1700571444.355565, 843, 341, 7, 1, 1, 0, 0, 0
1700571444.372483, 849, 341, 6, 0, 1, 0, 0, 0
1700571444.389494, 858, 341, 9, 0, 1, 0, 0, 0
1700571444.406765, 863, 341, 5, 0, 0, 0, 0, 0
1700571444.4238222, 871, 343, 8, 2, 0, 0, 0, 0
1700571444.4401011, 876, 343, 5, 0, 0, 0, 0, 0
1700571444.4569259, 884, 343, 8, 0, 0, 0, 0, 0
1700571444.474787, 892, 343, 8, 0, 0, 0, 0, 0
1700571444.491713, 902, 344, 10, 1, 0, 0, 0, 0
1700571444.509082, 909, 345, 7, 1, 0, 0, 0, 0
1700571444.525484, 915, 345, 6, 0, 0, 0, 0, 0
1700571444.5426838, 922, 345, 7, 0, 0, 0, 0, 0
1700571444.559534, 929, 345, 7, 0, 0, 0, 0, 0
1700571444.576438, 935, 346, 6, 1, 0, 0, 0, 0
1700571444.593544, 942, 346, 7, 0, 0, 0, 0, 0
1700571444.611307, 948, 346, 6, 0, 1, 0, 0, 0
1700571444.628454, 956, 347, 8, 1, 1, 0, 0, 0
1700571444.6454778, 962, 347, 6, 0, 1, 0, 0, 0
1700571444.6622431, 974, 348, 12, 1, 1, 0, 0, 0
1700571444.6790988, 977, 349, 3, 1, 0, 0, 0, 0
1700571444.69591, 985, 349, 8, 0, 0, 0, 0, 0
1700571444.712793, 994, 350, 9, 1, 0, 0, 0, 0
1700571444.7296278, 1002, 351, 8, 1, 0, 0, 0, 0
1700571444.746667, 1008, 352, 6, 1, 1, 0, 0, 0
1700571444.764089, 1019, 352, 11, 0, 1, 0, 0, 0
1700571444.781319, 1033, 352, 14, 0, 1, 0, 0, 0
1700571444.7979279, 1042, 352, 9, 0, 1, 0, 0, 0
1700571444.8147972, 1051, 353, 9, 1, 1, 0, 0, 0
1700571444.831965, 1061, 353, 10, 0, 1, 0, 0, 0
1700571444.8495271, 1068, 353, 7, 0, 1, 0, 0, 0
1700571444.866187, 1078, 354, 10, 1, 1, 0, 0, 0
1700571444.883063, 1089, 354, 11, 0, 0, 0, 0, 0
1700571444.9001012, 1099, 355, 10, 1, 0, 0, 0, 0
1700571444.9170392, 1106, 355, 7, 0, 0, 0, 0, 0
1700571444.933834, 1113, 355, 7, 0, 0, 0, 0, 0
1700571444.951709, 1119, 356, 6, 1, 0, 0, 0, 1
1700571444.9686441, 1121, 356, 2, 0, 0, 0, 0, 1
1700571444.986047, 1122, 356, 1, 0, 0, 0, 0, 1
1700571445.002223, 1123, 356, 1, 0, 0, 0, 0, 1
1700571445.019403, 1123, 356, 0, 0, 0, 0, 0, 0
1700571445.03675, 1123, 356, 0, 0, 0, 0, 0, 0
1700571445.05383, 1123, 356, 0, 0, 0, 0, 0, 0
1700571445.071116, 1124, 356, 1, 0, 0, 0, 0, 0
1700571445.0881228, 1124, 356, 0, 0, 0, 0, 0, 0
1700571445.10512, 1124, 356, 0, 0, 0, 0, 0, 0
1700571445.121373, 1124, 356, 0, 0, 0, 0, 0, 0
1700571445.13867, 1124, 356, 0, 0, 0, 0, 0, 0
1700571445.156064, 1124, 356, 0, 0, 0, 0, 0, 0
1700571445.172896, 1124, 356, 0, 0, 0, 0, 0, 0
1700571445.189495, 1124, 356, 0, 0, 0, 0, 0, 0
1700571445.206499, 1124, 356, 0, 0, 0, 0, 0, 0
1700571445.223573, 1124, 356, 0, 0, 0, 0, 0, 0
1700571445.240673, 1124, 356, 0, 0, 0, 0, 0, 0
1700571445.257832, 1124, 356, 0, 0, 0, 0, 0, 0
1700571445.274716, 1124, 356, 0, 0, 0, 0, 0, 0
1700571445.291466, 1124, 356, 0, 0, 0, 0, 0, 0
1700571445.30867, 1124, 356, 0, 0, 0, 0, 0, 0
1700571445.3259652, 1124, 356, 0, 0, 0, 0, 0, 0
1700571445.342473, 1124, 356, 0, 0, 0, 0, 0, 0
1700571445.3604338, 1124, 356, 0, 0, 0, 0, 0, 0
1700571445.376737, 1124, 356, 0, 0, 0, 0, 0, 0
1700571445.3936892, 1124, 356, 0, 0, 0, 0, 0, 0
1700571445.4097269, 1124, 356, 0, 0, 0, 0, 0, 0
1700571445.426322, 1124, 356, 0, 0, 0, 0, 0, 0
1700571445.4433339, 1124, 356, 0, 0, 0, 0, 0, 0
1700571445.459109, 1124, 356, 0, 0, 0, 0, 0, 0
1700571445.4758132, 1124, 356, 0, 0, 0, 0, 0, 0
1700571445.492816, 1124, 356, 0, 0, 0, 0, 0, 0
1700571445.509226, 1124, 356, 0, 0, 0, 0, 0, 0
1700571445.5261, 1124, 356, 0, 0, 0, 0, 0, 0
1700571445.543162, 1124, 356, 0, 0, 0, 0, 0, 0
1700571445.559159, 1124, 356, 0, 0, 0, 0, 0, 0
1700571445.575679, 1124, 356, 0, 0, 0, 0, 0, 0
1700571445.592638, 1124, 356, 0, 0, 0, 0, 0, 0
1700571445.6100218, 1124, 356, 0, 0, 0, 0, 0, 0
1700571445.626702, 1124, 356, 0, 0, 0, 0, 0, 0
1700571445.6433978, 1124, 356, 0, 0, 0, 0, 0, 0
1700571445.6606898, 1124, 356, 0, 0, 0, 0, 0, 0
1700571445.676735, 1124, 356, 0, 0, 0, 0, 0, 0
1700571445.6937, 1124, 356, 0, 0, 0, 0, 0, 0
1700571445.710613, 1124, 356, 0, 0, 0, 0, 0, 0
1700571445.7279098, 1124, 356, 0, 0, 0, 0, 0, 0
1700571445.744856, 1124, 356, 0, 0, 0, 0, 0, 0
1700571445.760604, 1124, 356, 0, 0, 0, 0, 0, 0
1700571445.77759, 1124, 356, 0, 0, 0, 0, 0, 0
1700571445.7935538, 1124, 356, 0, 0, 0, 0, 0, 0
1700571445.811004, 1124, 356, 0, 0, 0, 0, 0, 0
1700571445.828187, 1124, 356, 0, 0, 0, 0, 0, 0
1700571445.845964, 1124, 356, 0, 0, 0, 0, 0, 0
1700571445.862762, 1124, 356, 0, 0, 0, 0, 0, 0
1700571445.880241, 1124, 356, 0, 0, 0, 0, 0, 0
1700571445.896548, 1124, 356, 0, 0, 0, 0, 0, 0
1700571445.9134378, 1124, 356, 0, 0, 0, 0, 0, 0
1700571445.931077, 1124, 356, 0, 0, 0, 0, 0, 0
1700571445.948061, 1124, 356, 0, 0, 0, 0, 0, 0
1700571445.964906, 1124, 356, 0, 0, 0, 0, 0, 0
1700571445.982007, 1124, 356, 0, 0, 0, 0, 0, 0
1700571445.9991229, 1124, 356, 0, 0, 0, 0, 0, 0
1700571446.0162718, 1124, 356, 0, 0, 0, 0, 0, 0
1700571446.032906, 1124, 356, 0, 0, 0, 0, 0, 0
1700571446.049383, 1124, 356, 0, 0, 0, 0, 0, 0
1700571446.066421, 1124, 356, 0, 0, 0, 0, 0, 0
1700571446.08362, 1124, 356, 0, 0, 0, 0, 0, 0
1700571446.1006038, 1124, 356, 0, 0, 0, 0, 0, 0
1700571446.1177979, 1124, 356, 0, 0, 0, 0, 0, 0
1700571446.135295, 1124, 356, 0, 0, 0, 0, 0, 0
1700571446.151593, 1124, 356, 0, 0, 0, 0, 0, 0
1700571446.168455, 1124, 356, 0, 0, 0, 0, 0, 0
1700571446.184858, 1124, 356, 0, 0, 0, 0, 0, 0
1700571446.201995, 1124, 356, 0, 0, 0, 0, 0, 0
1700571446.218982, 1124, 356, 0, 0, 0, 0, 0, 0
1700571446.236467, 1124, 356, 0, 0, 0, 0, 0, 0
1700571446.253192, 1124, 356, 0, 0, 0, 0, 0, 0
1700571446.270508, 1124, 356, 0, 0, 0, 0, 0, 0
1700571446.287188, 1124, 356, 0, 0, 0, 0, 0, 0
1700571446.302869, 1124, 356, 0, 0, 0, 0, 0, 0
1700571446.3200629, 1124, 356, 0, 0, 0, 0, 0, 0
1700571446.337278, 1124, 356, 0, 0, 0, 0, 0, 0
1700571446.353845, 1124, 356, 0, 0, 0, 0, 0, 0
1700571446.3709729, 1124, 356, 0, 0, 0, 0, 0, 0
1700571446.38748, 1124, 356, 0, 0, 0, 0, 0, 0
1700571446.4048178, 1124, 356, 0, 0, 0, 0, 0, 0
1700571446.42101, 1124, 356, 0, 0, 0, 0, 0, 0
1700571446.4384089, 1124, 356, 0, 0, 0, 0, 0, 0
1700571446.4555762, 1124, 356, 0, 0, 0, 0, 0, 0
1700571446.472244, 1124, 356, 0, 0, 0, 0, 0, 0
1700571446.4894688, 1124, 356, 0, 0, 0, 0, 0, 0
1700571446.5067399, 1124, 356, 0, 0, 0, 0, 0, 0
1700571446.524023, 1124, 356, 0, 0, 0, 0, 0, 0
1700571446.539765, 1124, 356, 0, 0, 0, 0, 0, 0
1700571446.5569012, 1124, 356, 0, 0, 0, 0, 0, 0
1700571446.5743308, 1124, 356, 0, 0, 0, 0, 0, 0
1700571446.591039, 1124, 356, 0, 0, 0, 0, 0, 0
1700571446.608372, 1124, 356, 0, 0, 0, 0, 0, 0
1700571446.62583, 1124, 356, 0, 0, 0, 0, 0, 0
1700571446.642956, 1124, 356, 0, 0, 0, 0, 0, 0
1700571446.6600058, 1124, 356, 0, 0, 0, 0, 0, 0
1700571446.676407, 1124, 356, 0, 0, 0, 0, 0, 0
1700571446.6943538, 1124, 356, 0, 0, 0, 0, 0, 0
1700571446.7110982, 1124, 356, 0, 0, 0, 0, 0, 0
1700571446.7276301, 1124, 356, 0, 0, 0, 0, 0, 0
1700571446.744266, 1124, 356, 0, 0, 0, 0, 0, 0
1700571446.7610822, 1124, 356, 0, 0, 0, 0, 0, 0
1700571446.777584, 1124, 356, 0, 0, 0, 0, 0, 0
1700571446.794698, 1124, 356, 0, 0, 0, 0, 0, 0
1700571446.812153, 1124, 356, 0, 0, 0, 0, 0, 0
1700571446.829447, 1124, 356, 0, 0, 0, 0, 0, 0
1700571446.845419, 1124, 356, 0, 0, 0, 0, 0, 0
1700571446.862634, 1124, 356, 0, 0, 0, 0, 0, 0
1700571446.8799481, 1124, 356, 0, 0, 0, 0, 0, 0
1700571446.897024, 1124, 356, 0, 0, 0, 0, 0, 0
1700571446.914709, 1124, 357, 0, 1, 0, 0, 0, 0
1700571446.930336, 1124, 357, 0, 0, 0, 0, 0, 0
1700571446.947385, 1124, 357, 0, 0, 0, 0, 0, 0
1700571446.964957, 1124, 357, 0, 0, 0, 0, 0, 0
